steps,trial_0,trial_1,trial_2,trial_3,trial_4,trial_5,trial_6,trial_7,trial_8,trial_9,trial_10,trial_11,trial_12,trial_13,trial_14,trial_15,trial_16,trial_17,trial_18,trial_19,trial_20,trial_21,trial_22,trial_23,trial_24,trial_25,trial_26,trial_27,trial_28,trial_29,trial_30,trial_31,trial_32,trial_33,trial_34,trial_35,trial_36,trial_37,trial_38,trial_39,trial_40,trial_41,trial_42,trial_43,trial_44,trial_45,trial_46,trial_47,trial_48,trial_49
0.0,16.876033782958984,17.86627960205078,24.626903533935547,27.58737564086914,16.136146545410156,19.781169891357425,15.857136726379396,22.940279006958008,18.553436279296875,21.93369483947754,27.850536346435547,17.663103103637695,17.347915649414062,15.368624687194824,17.39584732055664,16.837039947509766,25.11696052551269,25.58946990966797,15.18621063232422,19.024606704711918,14.755050659179688,31.96233367919922,21.40511703491211,16.7231388092041,15.37181568145752,20.365949630737305,14.14181137084961,11.717308044433594,23.08047103881836,20.0625057220459,22.919368743896484,17.408588409423828,21.227012634277344,15.377449035644531,27.737567901611328,23.53307342529297,24.42993927001953,21.05228805541992,23.759340286254883,20.38726043701172,28.420730590820312,15.19827938079834,26.582820892333984,29.815162658691406,22.525226593017575,17.144813537597656,26.353939056396484,25.562084197998047,25.27261734008789,26.085323333740234
2631578.947368421,18.71644256366133,19.84517302593201,25.313877182251613,29.35188782625829,16.765597989818808,21.730786760417622,16.74524855183133,24.847310449293406,20.453480339467195,22.777185437313367,29.2237804381698,19.696503342967738,18.329329905531,17.049136495142868,18.72535903263744,18.329008862727072,27.482332311379736,26.10512740074185,16.452449044888617,20.47994310061584,14.927875213639764,32.90040511949571,22.760719790115665,17.656331616812423,16.833047934544695,21.97603674435735,15.634743055984009,12.45636319755022,25.76214389025216,21.853905490710503,24.40735528280654,19.16863975365365,22.39288936694697,16.806331105550903,28.95258894458496,25.106478702245987,25.549417673984227,22.029910499214548,26.18132882672065,22.29695966698415,29.892193653215745,16.247435834921813,28.08302623821923,31.723538539674227,24.09231686935737,18.24988218952084,28.657824972360668,26.43172067206693,27.29099492947481,26.98927387074049
5263157.894736842,51.25009573430566,54.52612513534911,41.03873343943229,60.18061092242062,30.822413831474545,55.11377904446501,33.17184515264391,57.81019443987644,54.40442743942843,39.71987329095272,52.45842297474268,55.78344911134639,36.051827606794085,46.94270460499538,42.820292186869146,44.21621017684319,67.54605512762664,37.54283324457767,40.18885062674158,46.11007406799912,18.609270251719824,51.91754241985298,47.38856836104988,33.802207364558846,43.7801655537534,50.17197980176544,42.48235223361825,26.739138340190507,71.35921851716874,53.38375410474734,51.196641140367184,50.14226673066699,43.5814307988144,42.14906708254296,50.19417329252261,53.06032248245877,45.41751632730056,41.986337326817896,68.447502806824,56.775722326024585,55.09591993997054,36.01500564572141,55.25578430462164,66.15919743723899,53.88253077687154,38.71806321646038,66.35072454657416,41.85614797140671,63.19905643555184,42.08687420474195
7894736.842105264,68.80725669836073,70.41542467311892,75.50199859471698,76.28663819941623,61.56936690609624,67.74118259328307,49.22810401078159,67.35717894312334,77.83165811714291,68.25105157893906,55.75570382597828,77.84777357369414,51.82938009488121,65.00950988825834,64.42559790920849,52.89089254071095,76.7094510728674,65.10059042877603,65.47588470080801,60.20966633118256,33.55870139353247,80.56009656164042,71.97800101424437,39.134706212584334,65.6670087305958,64.49852394188788,63.24992675767629,42.78566960756179,87.46627389687086,68.97887107994087,68.45034231509693,66.82161468827783,62.25796806832926,58.16441412805645,61.05533329506826,68.03312689495219,60.19163292027247,76.01020062068824,83.66915058495265,75.78716414764399,65.11987904531475,55.29964287915471,75.49142655800419,92.1914036550309,87.0902172244074,58.53408562746983,65.15761699372712,49.59730934075124,83.8621308948855,47.35342073194952
10526315.789473685,88.05625199206648,82.94870045219763,84.83079193173353,104.6311774660841,79.7528364535349,102.78144170752525,66.93299346138566,83.31246864077458,103.6049609340294,104.8262919914029,69.37158671999738,107.28803149905892,85.76273677099775,85.66754079550257,98.36280784440171,67.39788745785354,97.24092876176424,99.43206129749396,90.03149469473355,76.47412486964646,84.08916626940804,94.4613829453236,115.25983481649877,47.3804196017766,76.00921364875711,97.46469181412806,92.64874909071052,51.08489788094551,135.16106085202702,87.89734971993849,80.97315681418223,87.3401104794645,90.41187503430322,83.58070122725086,83.22648026672427,77.12837606850093,86.67737340844569,102.00861105298073,90.14440463008644,76.34743454466236,94.23186000463376,64.40467003334592,93.5048637342255,125.96337487022302,109.7687219376379,88.22483105887338,88.1009613874051,53.74147093296051,103.58165304730144,72.44542233501446
13157894.736842103,115.41649900777188,93.91081236011848,109.23870126356132,131.3803057023569,101.1880776458665,137.04973169071522,79.94324022178587,137.92304518414338,115.51453687312532,132.45815714508544,124.9382036670506,137.828675713483,125.31749491967322,124.09902310685108,116.2408330049211,113.64054927267031,113.7080856947605,135.31770481094924,100.77601368572572,97.4792664060756,114.8415852719892,113.48829149601367,125.18896564758715,81.23843794796936,94.97152366485044,167.4394370250177,116.0788129018078,88.30511671608092,157.1094228935704,125.9391985273097,103.1548999224756,105.710169061812,130.99057843538202,124.03963249839244,121.64444670085264,99.00050172057011,108.07938889861931,114.04313018406197,123.32153727590956,123.8318475505074,127.56183422220629,82.35654416872276,111.54618445785916,163.52047396399638,120.1318608531909,137.25668915408636,114.3830731050666,73.32231074665515,135.16068865536323,83.30963006650724
15789473.684210528,149.0391589842758,107.27722049646928,128.50569868603736,141.55070295203424,124.75108390138422,141.2768197814183,97.97639165306852,139.79073439501332,144.1341099489759,138.8471348624976,167.38362872270338,163.81668647752247,151.9186427352171,184.5273803345385,135.09879251080372,126.03963852812048,130.02928539037376,154.4718923295469,108.4910561671878,144.730400129451,143.20989534101992,143.38095564748113,134.69187163018785,126.03795756131328,129.49911261108446,203.27713048053585,135.91087378078552,135.6052717442658,160.55102194560862,157.38654162365316,121.1364373708366,131.6769304809643,202.5871426520916,182.59045299053852,153.55607426183047,126.56339300884105,172.43653557232878,138.7302357338142,137.18857888377934,153.41943482951444,148.22846780729756,103.51379869052744,136.40050996059858,183.35112893424537,128.580505908939,172.46891383550178,144.0117277811769,111.381267235715,156.9855564973031,93.9174556244691
18421052.63157895,186.9430450284828,114.25751285900948,159.0530660964363,152.701012705089,149.7627531462594,140.1912710877997,117.29252808134476,158.89519588141562,154.64561111510957,157.44118594417446,201.45204984819796,203.29072638223377,196.4915034446525,229.14245589391183,150.125547182238,140.6491845957625,138.6806517564524,175.54463386337514,137.21100518222994,159.85234706380362,204.8777502563852,179.22731047034924,153.70627286733023,155.69690623772112,181.40064914429615,223.09660178006027,141.22028843575566,154.2884332259854,173.35503035226523,175.08837985435187,140.79129363654226,172.7114367793802,239.4764364590853,224.86501288277788,169.73394584379204,145.7214787100491,232.14770071617124,150.394576653962,140.20018142829147,174.14806119561032,150.00628773422287,127.69958918304326,144.80791514302882,210.99312072703384,146.6085357152937,218.29040148767572,159.4858147206812,157.0312019530839,178.75864683607608,107.10216096481128
21052631.57894737,191.36648371576277,120.8757670397904,197.377793023791,173.63252536048518,146.44399405219218,154.9883481478757,148.28679902896988,170.86568275680173,155.6811284715119,169.23309520274978,238.29660774796287,214.19318854808807,208.77128084412573,255.4618171067119,163.27331928764357,142.60427296590936,154.25113526407702,203.72689407948312,175.8274622234281,163.73176408969795,223.2604208854427,185.66088827891363,165.8016367493574,173.75065599617204,196.1406742542404,242.1692494801207,150.8429258028226,183.6955026579696,185.92347017979029,187.19605978638185,134.82941586819382,184.44418715440003,242.4347393611792,243.5768048069814,187.59854645973428,157.1036125371991,254.26255223559545,162.1314394533469,178.1361801756386,180.82704054913032,144.14556928189506,155.06363756108482,152.4847223174209,238.5279762583096,155.28460598751448,241.4237113953297,184.20886428072183,201.5593926067828,186.9916793216959,149.43977394691797
23684210.52631579,197.46526730469225,136.26039061338287,183.68049013061537,167.47377901823566,149.44786601887185,170.7795530684767,169.34256494825402,183.80463080409493,168.91751283634238,186.4985973925802,259.3958692930412,234.60388698773536,191.8972163825732,282.4260672282974,195.2691177590402,137.86407337306775,158.46006381552965,213.4433540777817,211.47761882903504,175.44853293598524,218.52488261122784,202.7020641596281,192.4668549188204,201.81392855934,193.3384714020091,263.59552156182207,171.4962636541957,208.9189211641157,206.48982506301095,202.03138768961884,158.64922358050242,194.9799987279147,242.66489038948703,259.5941127674071,211.63173502460745,167.08134966989633,270.91923594920587,162.7091493145911,189.9046196313033,214.83867873073945,162.81740777136713,167.0052665443962,200.9077726607508,232.8041867778902,164.20249424767462,252.1641161969329,198.21230328136696,222.64787081891149,200.3520160923374,173.65813713217375
26315789.47368421,205.604731879406,164.29577960391785,192.31290247417223,188.29845226421912,162.11896684014567,169.07494661913685,181.0074791066204,178.400913504765,186.8147872985235,189.534926246408,275.01120578433665,240.37247362204536,212.97011297090893,281.9988997210426,224.3880016544519,148.25851466673893,164.26651707159516,209.8022644202795,203.2242926697652,193.20558712769744,230.4970174493717,240.72050337918577,201.29253762861367,225.91643431584592,202.30148004882884,286.4360524151794,184.44902239711,227.81776216353737,188.22422112314,243.96428850012472,164.8312782712095,253.766105360932,274.40287442715874,267.6833064840111,230.10165992288375,191.4273509105817,272.0625979322476,162.82765401656278,216.1594258611222,255.03765991520024,188.00403441443336,210.47007685024653,228.3463587689928,238.52613564706576,187.91244712992057,265.44085356972886,203.8656832604692,240.7860698080789,253.61307040162365,191.6911291268724
28947368.42105263,233.0904986522782,186.55005470203065,222.6523307745559,211.84741999559785,192.46963905276849,202.88498782475895,202.09499905235717,189.0772073674648,196.98893493653333,192.84304085497712,282.6040005654179,243.56185731316535,248.7480207293648,312.51718079498926,241.58703798080413,175.57497160999398,182.5722405516705,224.39237297505883,198.5431370146139,201.98136886900647,251.74999189129164,297.10276113545467,191.32681352110612,234.9749998324383,224.65286934681217,298.0015668166476,179.41307084398588,240.38307389063849,194.5645129558865,277.4448368498163,174.2463728911411,237.5253473886823,306.2543834810277,283.5726961803073,228.90037780566723,213.0421152624232,294.90789681697817,185.3028411036796,250.3060393256659,253.89812398088932,183.17368339344736,238.6085761473037,242.79253004057915,237.20674138088967,191.7966120371858,284.72381331005914,221.38984012211623,240.5014129054018,283.1778114579226,219.7779210298593
31578947.36842105,299.56644238890715,211.4743408205767,246.42699524751995,224.36045470726455,229.63235729949295,187.73454001174403,213.15488318409615,226.86550227195607,232.16371070826816,222.5597963111883,272.1697687250755,277.02334514796905,232.05510521925717,313.8763035770268,260.22623835706315,164.13494748124782,214.61793312554215,228.55795899982928,256.4103079007274,203.96839208632625,277.99566284639354,307.87325977981914,216.0684057513763,236.63869942720575,258.17507501206575,307.9171300948162,183.47540807525868,252.63847362268663,253.9678927978651,291.4550255896973,191.73108057170035,229.66746368434625,311.28537143333466,285.6197726617559,237.964425104807,219.50726010132365,280.8300267177275,194.551738483919,280.4048749005366,262.2569882011149,204.5285691420788,257.6858526075316,222.4788761254493,254.60420011021097,194.84215692717612,311.74314165511623,227.05724769120727,251.10890928496949,281.5557025819604,240.32604417559844
34210526.31578948,294.0343088464723,237.80137444335008,241.93920194619744,217.82633350100213,261.3405425049922,195.55737513283125,248.82439872383085,214.4308295495952,230.2723229185696,269.68610660735925,270.7259511085759,279.21876611785547,269.591768079022,307.1090657327149,261.9229542338947,175.60698260866377,224.03382354112048,253.9539337284513,258.74121845585813,205.90584125000356,316.1959703654629,305.0030756014041,247.44046943001143,219.5174098727693,280.3045914871541,329.92055200836995,200.301992207972,271.80329395331177,284.10770301838664,298.767064567418,191.90600646582337,255.86241375855133,278.7397759945604,331.82344298233954,238.96694158715223,258.284922752354,345.74773907702723,177.48909657264844,288.49694986439147,275.23653279438906,241.7249031606804,244.6702485058941,250.11196159507435,298.1744621789027,210.90257018540376,335.3084355525033,230.88666637873385,282.1270395524779,314.26407598293395,223.79247473357785
36842105.2631579,302.1769578806912,253.62509558900905,285.9991417783945,243.4549962564519,263.8129540224485,180.692273288635,258.5736714332388,244.29830884438147,194.94607846484288,271.57325326273644,290.49089337732653,278.4624428603788,245.06931738361425,344.17565479618696,270.64873648548394,162.32443510569692,216.94898352637844,254.75012561001932,235.6307359811672,236.06460167347893,346.8243448995157,311.46053573976263,284.068185792075,242.506397905112,259.9690608189046,330.57269715206115,215.0537428244164,291.958479761582,236.27301044328715,286.8523188753471,211.99485062892415,334.2521821735969,352.63934627216616,320.79165963915244,250.1657038309568,236.53165490491892,342.28557742500567,205.763466695174,266.8031261739968,298.90899399855795,231.2585892779675,275.6869463210621,282.94554952802423,328.6818753472656,210.01130975630144,312.10858593654103,262.392045871703,270.478917184794,318.1841587176613,243.6261251646396
39473684.21052632,331.06896024438817,265.2255841441597,284.69266023455896,253.40393610550427,272.9652984889425,212.4775717816525,259.65484996705504,257.1540416617803,242.21458236361315,263.06225748801825,335.3848091366384,338.7446310796731,300.6501902852032,362.5987090441989,302.6224382463585,184.74884088382828,228.53314326505415,322.4494780011868,291.28819589675965,302.7234322406414,335.7754538860017,289.2971142124271,235.22819288277225,253.47644200545437,289.5886263944766,400.3644079234132,257.3741236598208,296.24172704990883,261.7433246181778,285.92096783002,192.00251323818495,313.312335622938,320.68035703658063,333.2452586904127,271.0914012704695,234.8277140116097,386.2367091169813,228.67111858564567,337.272265156633,324.956190343874,275.40765685115497,295.8433484664584,288.4997498719976,350.374249430492,193.8351991152664,359.36178968933484,267.11044729713586,368.0761341394811,302.33876997397545,283.7147209142384
42105263.15789474,329.0620327405322,277.9721132804152,365.5098012913628,198.41051804986355,293.3422265409433,309.49729375759983,289.57656000327535,229.2482797280573,245.74761594431556,249.92308134121248,392.3828764912825,298.7801039357595,339.59913647802256,411.5489139213457,292.85587070523206,206.79629992778283,264.26477372877486,328.498102376996,250.34373119267067,278.75863112505124,356.0407979442142,333.0991670127721,257.8658446103252,249.21129305276844,343.3785950747884,395.2023938039003,306.19289994173766,319.2701182391835,244.0525335076773,344.1888359207196,235.51286956411985,338.1592939751961,306.1831550703815,381.6611313397205,278.61821679593453,253.31103566280692,324.2923210822974,202.4437396790512,335.30869928687565,317.7101041656452,292.8448160335297,286.6973390011246,318.10928981654206,329.55154782715266,208.0430758567398,374.2303642024624,322.19171006131376,305.8194182731438,333.228756698545,271.39017018452904
44736842.10526316,393.3744825336081,343.0432012630962,340.8273102330699,269.6039735051156,330.5031922882284,282.0581557895998,279.5103063934232,312.3863740421811,228.5984152159202,261.98781463313964,359.8659205307921,325.06751494906285,381.8436975014342,349.5952003192043,313.102360564008,210.8721381110498,217.4301977748686,338.2760966371466,361.2140801951413,310.9360119244729,391.32656292316,310.9954949348257,317.74377241251875,356.1839269768664,335.5209228079405,397.9718138542532,269.6226861041008,310.85630708734743,320.8264748122224,349.952795382682,219.40356424298147,372.792967142821,301.24702544671345,413.7534600535093,317.8376176478625,315.1679355525657,379.28066994113607,205.45075759246245,392.4801025426949,323.06490751333183,310.34554272386504,351.7848322687057,274.3444526177364,385.0372512796249,275.6266678623298,385.7052982087116,299.69778826436504,404.3962934126154,324.65710946413947,315.043194648962
47368421.05263158,368.0535080048186,358.2699721453923,379.1371732702546,311.6909784461653,303.4785952766186,272.78499002139654,334.89745810685724,373.706228521392,254.2339098291714,287.6734673344528,440.6044564433705,347.8519906145714,342.5783170552465,397.1469954897822,352.6266049450454,284.74789823818736,235.0169423334817,343.4552496209369,312.4448994005156,299.069487762996,341.6801324323274,331.41841258665863,305.0112568237445,332.7525355571525,307.1851285487991,441.3419399040228,287.9797977037377,358.4376990248622,316.08044091453183,396.2359167299442,268.58356137173325,321.2844377477083,411.3513317700898,383.1119195092418,325.0823565645561,328.0052771502254,440.7761326727775,259.62196974774145,384.0497677369131,334.87510294134927,262.5842363629645,321.3282262636684,315.46161042719336,388.5841504173596,235.55484719240104,413.05760571930216,313.3499037521037,386.9744266723992,350.0130478244409,328.5011917785264
50000000.0,400.1270615631028,400.0905904079738,360.4547772360476,327.6255457667928,327.54733429457013,306.26612648524736,308.77502061505066,326.769580698327,280.2677340193799,325.2627129711603,340.3866390131022,360.7008671666446,386.1986884255159,387.7095477533968,362.5484879016876,206.662413617498,286.632180533911,347.9136684536934,274.9530019477794,251.3287962996646,440.9022370733713,413.0297777119436,296.6507257536838,335.87581331478924,338.2965507068132,424.4920359175456,320.56309605585903,383.680787003354,278.6055933142963,381.3561316258029,283.324178327071,301.7429990878231,357.280665720764,392.4292946975482,337.8308122079623,300.25554545929555,423.2544257562411,264.2764987004431,393.5714199856708,337.12744739494826,273.5861567039239,382.6006034612656,362.6733492722637,391.437296230542,264.5492419098553,455.5022319335687,331.4918637761944,391.2017287360994,395.7782114430478,343.001725400749
