steps,trial_0,trial_1,trial_2,trial_3,trial_4,trial_5,trial_6,trial_7,trial_8,trial_9,trial_10,trial_11,trial_12,trial_13,trial_14,trial_15,trial_16,trial_17,trial_18,trial_19,trial_20,trial_21,trial_22,trial_23,trial_24,trial_25,trial_26,trial_27,trial_28,trial_29,trial_30,trial_31,trial_32,trial_33,trial_34,trial_35,trial_36,trial_37,trial_38
0.0,-2.975497007369995,-2.4338011741638184,-2.4644885063171387,-2.81953501701355,-2.472265243530273,-2.38885235786438,-2.5011744499206543,-2.917715787887573,-2.5168776512146,-2.374638080596924,-2.4838509559631348,-3.085824489593506,-2.726691246032715,-3.606117248535156,-2.88606071472168,-2.586937665939331,-2.4772043228149414,-2.6311709880828857,-2.626875162124634,-2.404027938842773,-2.6601104736328125,-2.385329008102417,-2.4432241916656494,-2.676750421524048,-2.824856996536255,-2.4870352745056152,-2.807386636734009,-2.2715494632720947,-3.167593240737915,-2.973755121231079,-2.6110825538635254,-2.5260651111602783,-2.400550603866577,-2.872969627380371,-3.036475419998169,-2.5288867950439453,-2.729194164276123,-2.2807741165161133,-2.616041898727417
2631578.947368421,-2.3111671759363857,-1.7611036830184426,-2.079149148081251,-2.1995840984354067,-1.9041573949483248,-1.99918690245596,-1.885857050834672,-2.364089869349096,-2.105493701179189,-1.7036828114909124,-1.9311729499482009,-2.53198301041798,-2.2257657191184683,-3.125410349526213,-2.1934479622872045,-1.928796297172084,-1.9582154228715765,-2.149067020915072,-2.1080030529209024,-1.889578641819254,-2.2041996857190083,-1.9245510651411388,-1.8270676540219868,-2.1256459067669797,-2.362051823736914,-1.952989251140009,-2.224440956614018,-1.6268705153403094,-2.571775001288621,-2.42532758703881,-2.1753226906458467,-1.9592632937143164,-1.848563027283734,-2.2633693371086774,-2.521636302280433,-1.8958176091039896,-2.124773656190928,-1.633364341797054,-2.3989839162532407
5263157.894736842,9.577152571875674,10.207463557592018,5.532063017243267,8.918103997881971,8.558291495130128,5.8419273617236245,9.251252529399672,7.775141927253693,6.026743415399994,10.252405289323212,8.360830862701992,7.85800630232407,7.0894368240052525,6.045020897349039,10.198794602506752,9.89816828625705,7.401455331377045,6.976137673644829,7.598444557059918,7.654940938476443,6.531135719194699,6.93178909800049,9.292267139877229,7.988986564815622,6.492796553347849,7.879022260689257,8.440633904823512,9.788169866443258,8.160097419165613,7.77577850378926,6.316636940384403,8.263657608056581,8.175351340898992,8.716276801544709,7.133284085045809,9.429633801962945,8.870944837286263,9.946440437189471,2.8590020922862696
7894736.842105264,16.83843386830592,17.131405428134507,15.603564879560324,16.04266877207451,17.599184103707405,17.2812068826439,17.098290484558554,15.893370823078168,16.87653009397935,17.617080812747503,17.97552770723968,17.592369124308807,15.580986346732155,16.098257038035428,17.33027054899349,17.54098756076804,14.436273070555336,16.47987739359986,16.78490854823482,16.178880651904546,16.172091302369047,17.407310210281878,16.918185301960918,16.281200586725287,16.312274623117887,16.080052951763584,16.84563932842846,16.12046667935012,15.472859075625744,16.994894678562552,16.71630607819871,15.46777227777895,16.01561277018927,15.96793287157125,16.360648967431462,16.50008024487624,17.122303214615567,17.012422753766263,16.66977679788282
10526315.789473685,21.386811173152065,22.445922984785486,20.18608171672372,21.28756926029177,24.05083157151029,22.13982313349224,22.39704574782845,21.280302836933792,21.87734348813996,24.20403636193259,23.737634632911877,21.57200623268566,20.88285710961865,21.55546243839647,20.47720776048393,22.44017710425269,22.024379096388653,21.850226093630543,21.96224061096309,21.2026838653223,20.599732123026392,24.12381529655318,22.34180159742977,21.352435564255945,21.39523385727257,21.288597813892565,22.120064730314837,21.93471893633089,20.922938676215605,21.946830244089924,21.21419995897282,21.692305712220247,23.007104852647004,20.85169033660783,20.902876826699757,21.7584396602168,22.522644608098386,21.81115102951629,22.445589281288377
13157894.736842103,25.994997510413054,27.21293916072893,25.43314287130956,26.371424744385514,27.741300717924936,26.253689961972288,27.82127091565125,26.30642186973626,26.839909041981493,28.13864358678625,26.90362577826053,27.039961295826696,26.435002231057165,26.341213609801397,26.752370817364916,26.870017812037812,26.1119956407242,26.73040618875433,27.13008528495326,25.631502567834307,25.9290304698793,28.07363642536496,27.66178232493844,24.940660693484084,26.614096688049894,26.518093061393483,26.98215249077084,27.099176633009208,25.53327081144021,26.32952515135965,26.285768083516004,26.91256000540655,26.74008789028033,26.742569587639743,25.83479316990276,26.341397401414955,26.889543440043308,26.734476531946058,27.11796940094856
15789473.684210528,29.609580090109496,29.721232899864543,28.65947125000761,29.503853382124795,29.90096913691909,29.81851748008684,29.89522040826256,29.373738931775755,29.58471664446832,30.18992023256677,29.32915087175295,29.95979134611517,29.781653793750543,28.917084349706315,29.824412267376516,29.34606309577699,28.92656673100929,29.72042328653821,29.457592854240183,28.65641246294381,29.04103883649958,30.13557640763408,30.256720760429584,28.874268533605207,29.56943091048428,28.9449177043012,29.97746158769958,30.11720926827465,29.06819280856121,29.1366733400631,29.724842262038976,29.29857635097656,29.684652330162947,29.620102364848528,29.0185126246384,29.381591856035914,29.92024729972566,29.358203904460755,29.12172883284637
18421052.63157895,31.8664936055468,31.35266378124624,30.70891327858281,30.966431228913518,31.78597769629819,31.632361123591167,31.36231100526213,31.516463399965343,31.414754453391208,31.534340878334568,31.425472397924796,31.956504084169865,31.583697869321156,30.85143416162343,31.075809100570567,31.605613375588263,31.050157105699803,31.57245378871642,31.66006466715888,31.41926583786524,31.066242198343712,32.4051446915292,32.5890429807089,31.545194087343656,31.442810475542483,31.038777676872765,31.899688726223985,32.083174220190855,31.57541808475149,31.429980866533608,31.615796049773035,31.5199071608814,31.448391838179813,31.514807727915382,30.64169172313673,30.92209600374474,31.8647473104391,31.24038744158011,31.42074359137142
21052631.57894737,33.27410169470013,32.34771230639348,32.42797582916441,32.74871884942715,32.61537193872262,33.01326201711665,33.60458538192131,32.82110469559223,32.99049611765262,33.05840863118211,33.23262268560745,33.10310151900611,32.73429314936627,32.31417400239247,32.531785657613895,32.74476529216172,32.82937758673921,33.34091573623409,32.989925942097344,33.225083868011545,32.62468857811429,33.484370011289364,34.03736375144314,33.03721996861152,33.093650960856195,32.31867551266982,33.00550346608968,33.375493222326455,33.09914231325121,32.640743340316575,33.12820687543322,32.9805544885572,32.61962673356989,32.88399724162847,33.09174599797772,32.53954432339219,32.69902586012336,32.38266285139438,33.427545744048594
23684210.52631579,34.459681177289944,34.06432602627827,33.62547877570227,33.45109381193393,33.41226353933854,33.85071534659311,34.61361420114326,33.872203391974075,34.20290199861219,34.261486185544335,34.30534581476797,34.2941885881353,33.84842032825683,33.29174018017638,34.08431859279356,33.79350448333738,33.72970139010296,33.99756814288672,33.960754747959136,34.02311195722082,33.91776504728767,34.22895417374835,35.329094300010446,34.1106079339754,33.8490577687579,33.69467470880567,33.71540464875688,34.42651210053517,33.97552647568554,33.621122530602186,34.0179725243114,34.03668854165812,34.16131812379466,34.42044371379916,34.284643600697414,33.50981963164795,33.987935775576204,33.23080818307614,34.21248716865137
26315789.47368421,35.169234901418974,35.075487860145664,34.66175324830982,34.42986492381284,34.44547879184052,34.64820858829982,35.09343769430206,34.01365511901574,34.844430390652526,35.28519220192016,35.10322062031384,35.09565724304508,34.86859077165662,34.19324989953282,34.80502455518516,34.34426400100508,34.3099246357369,34.50363748755894,34.6799207250291,34.73066227187575,34.63534819231552,34.66512723254695,35.92975454926078,34.84672396229657,34.50206946168827,34.880163274746685,34.7677432202071,35.32273889981066,34.47090949017008,34.580739444023685,33.66548330076761,34.82515498213573,35.46683373793423,35.04738096934111,34.603897087998334,33.58657245280175,34.943922494009264,34.38572452692031,34.95899182203073
28947368.42105263,35.75050607842711,35.610916239041785,35.46490257334511,35.1589426114082,34.65409446889509,35.282932094321524,35.40563211720075,35.00341377853109,35.13534679234936,35.39265759736093,35.260310169742795,35.55323573566168,35.36736544161787,35.05432255027449,35.34319298519363,35.0991047414902,34.86894301008278,35.259915869879094,35.54640184945512,35.68651330108829,35.011177689611,35.38001166909438,36.24573817368277,35.54521212548306,35.35818294363504,35.36804411231109,35.75882371979407,36.00564474784808,34.46748114818929,34.94808068012927,34.59697869486095,35.50498971425596,35.86078681898951,35.5171535325719,35.45642348613146,34.078278793161346,35.60907924112314,35.49634159837238,35.79052390770115
31578947.36842105,36.18479117647928,35.489262415307714,36.04965970980989,34.94133523028148,35.483463633341145,35.92512670852801,35.864353871659226,35.65370577738886,35.834489996784946,35.7063391067067,35.522855897730736,35.81749998094963,35.701453733270846,35.78320661178916,35.638393293333515,35.74114263598443,35.02313687720457,35.657185307004774,35.923767703804614,36.17656376640057,35.60044742497381,36.289305154058745,36.58903633854726,35.76976325550733,35.75603796814122,35.736153896619406,35.825497969407124,36.47352615044223,35.27268722302531,35.18962041327828,35.28927390083382,35.80729984386806,36.38750842969008,36.04963233703722,35.97811475061809,35.38504756896285,36.24438811677645,36.04724840551532,36.04153152210561
34210526.31578948,36.10787816520089,36.1283945267984,35.991562283579825,35.90972757261051,35.353858075530326,36.26434027373667,36.50847945543951,36.12427753606331,36.04446175657316,36.4610552161189,36.040086030124215,36.32509701029292,35.9816805270921,35.9611062689625,36.18941410175857,36.282030145918895,35.90402547699345,36.02157769402763,34.95831152160041,36.48020564447933,36.024887500335964,36.5447684239978,37.00888049769682,35.72180012653781,36.357189263797615,36.23887649064992,36.01951397566378,36.69579627477355,36.2727697760878,35.88117748658867,36.25332487061868,36.27875176299147,36.69149900705572,36.56816157203302,36.40596288646936,36.002237303610734,36.19583744346229,35.96510612914065,35.32855368675948
36842105.2631579,36.77966567655184,36.72243950441686,36.42238905010461,36.02140343678377,36.162820356106,36.80744146031439,36.64154006002104,36.47525502283157,36.120209565411976,36.56630520836303,36.492050566460286,35.69007736892333,36.366071371862105,35.77028868768436,36.679577523568994,36.6861774994272,36.12552559602789,36.51716324895455,36.25257659643641,36.42966733449797,36.39254866825247,36.50130427488412,36.9632026299504,36.35531390512006,36.25174937285792,36.20464765691196,36.558002381650034,36.69346392400294,36.31447572706892,36.71030705560442,36.53613470302807,36.65140101175312,37.10928577011312,36.671747718615215,36.62738362443827,36.397471064944185,36.65604912097517,36.38527825780192,36.34710851567604
39473684.21052632,36.880749415079976,37.127131377457744,36.64968072198889,35.78085479236252,36.98536502771142,36.825505370785,36.80988120430064,36.71573686665776,36.81435079144061,36.91955426982359,36.69932094523864,36.279259179045454,36.923421363544925,35.835508293082675,37.12882147386794,36.21022394313954,36.2027197773478,36.76123110118253,36.99806429262059,37.28095411087214,36.60197753141379,36.76649468382846,37.17806265652799,36.6930040288665,36.20556144251223,36.52964601865931,36.74003309419074,37.145749027781456,35.964810791190644,36.7384136138778,36.50185036686071,36.437711137659086,36.853250471302346,36.629550789955005,36.60586729922288,36.34373616103155,36.92594923576407,36.91015515090521,36.331956245768765
42105263.15789474,36.84958559522338,36.55272296690215,36.59882753757229,36.56560606705515,37.15755436658199,37.02031216974734,37.21359047698182,36.52622830537548,36.67885251339123,36.84117527516595,37.01920034284407,36.28888969342134,36.85605908959196,36.6461688925685,36.99691907570303,36.55117469382088,36.51845586927313,36.96016849820964,37.17965702667131,37.187489494392416,36.68117061117019,37.1571502132429,37.090312168703846,36.600350385227365,36.99226450821039,37.12277132949671,37.04636258365705,37.14450910514081,36.642526233790655,37.53822055582855,37.52502521302892,37.2520526449436,37.183686282991374,37.06376049178459,35.84379428493019,37.27175923909507,36.60279268307038,37.17288406222151,36.74495792669602
44736842.10526316,37.35914079004955,37.53196956177044,36.85782800730411,37.34362931723946,37.60032082602918,37.3772526671207,37.463093604809934,37.56182860945277,37.04024891969116,36.78040422517755,36.49216615564481,36.73207503715091,37.193553464863854,37.14067200953115,37.2719229226029,37.5321031655301,37.44614588782976,37.64387776838858,37.08119309875196,36.91116949043899,36.65428430977125,37.60329966970469,37.070572961317865,37.03294719994027,37.32776591878312,37.2510191081324,37.65439160560307,37.30143631324997,36.92270705546575,37.41898438623407,37.27505961565141,37.40135598893682,37.3772782892546,37.43144335470825,36.92257109227644,36.5349336357844,36.92326499859176,37.5612157562082,37.30969003031748
47368421.05263158,37.35416293074054,37.63981846699342,37.32726234203808,36.99441020473466,37.31133088310588,37.540609162001566,37.08202592630218,37.48338415587212,37.09781444052085,37.39464577698146,37.74851510244476,37.31110786275107,37.30203957946512,37.38212807455882,37.3535111154587,37.113291455582406,37.33679814374595,37.60300985954888,37.57519044978879,37.86894980861374,37.74740445205215,37.29245003595577,37.90601921735791,37.17939610380958,38.17395737302848,37.3240930310288,37.58637358974717,37.66690127438043,36.85744931769669,37.635306853068336,37.16891917435664,37.24186380129112,37.91323178391542,37.34007920884112,37.02357760141926,37.14999441356705,37.35895021521897,37.33898942832967,37.18007522885407
50000000.0,37.42059936609707,37.78091630280802,37.33275026494735,37.58184985875299,37.928352746916445,37.30719103526912,37.27737134636233,37.3621489974229,37.43669446636187,37.41605025902391,37.5056288969752,37.30132246311558,37.48092829553705,37.72210848939262,37.726870642484805,37.41473008143274,37.68005774562296,37.76752474139396,37.529102252894326,37.85242784336994,37.155234016282,37.816799317535605,37.77671978446214,38.4436028221328,37.77156626491954,38.019648279994726,37.20849442913344,37.94504110162195,37.09845005524786,37.75590961485317,37.06718743984637,37.55644396614088,38.13397131997504,37.70177280236231,37.533133245808514,37.50812757956354,37.66639720158357,37.71574997548994,37.662723173240295
