steps,trial_0,trial_1,trial_2,trial_3,trial_4,trial_5,trial_6,trial_7,trial_8,trial_9,trial_10,trial_11,trial_12,trial_13,trial_14,trial_15,trial_16,trial_17,trial_18,trial_19,trial_20,trial_21,trial_22,trial_23,trial_24,trial_25,trial_26,trial_27,trial_28,trial_29,trial_30,trial_31,trial_32,trial_33,trial_34,trial_35,trial_36,trial_37
0.0,0.8069647550582886,0.8160420060157776,0.6997268795967102,0.8211110830307007,0.7710366249084473,0.7934384942054749,0.8303910493850708,0.7827287912368774,0.8596265912055969,0.7759698033332825,0.843761146068573,0.7637127041816711,0.7828896045684814,0.7155750393867493,0.8134458661079407,0.8218656182289124,0.7784682512283325,0.7496850490570068,0.8099537491798401,0.7872225642204285,0.7400910258293152,0.838115930557251,0.7835682034492493,0.8026984930038452,0.7812337279319763,0.7918877005577087,0.7923082113265991,0.7345784306526184,0.7904512286186218,0.7558352947235107,0.7614182829856873,0.7927621603012085,0.8636943697929382,0.7427781820297241,0.8061372637748718,0.7816108465194702,0.8353301882743835,0.7840948104858398
2631578.947368421,0.8263090611786976,0.8318815794010734,0.7172061535982877,0.8479092177671156,0.7876820969821013,0.8136408080437499,0.8405315584565676,0.7983977648373461,0.8712475367996215,0.7946887301247879,0.8780407862171178,0.7805247338557386,0.802796402956434,0.7416700604786114,0.8268418916985792,0.8343397283549627,0.8093486812853814,0.7659432284915794,0.8248216638980379,0.8054588555448322,0.7620844667307566,0.8516503063309809,0.7989963460005781,0.8108925719887671,0.804454472006416,0.8213507332424685,0.8081128279281228,0.7577832696101257,0.8188696202531475,0.770512851621695,0.7787762846953463,0.8151740855808238,0.8792642726979885,0.7650627649812947,0.8102940623674263,0.7970503416606367,0.8453889918206272,0.8000881930437826
5263157.894736842,1.7130163659179107,1.8129111381268284,1.9311797459541449,2.0152798510502272,2.033459991755847,2.154618438259103,1.857974232475008,1.802271947557484,1.9500324548463344,1.9083110108020929,2.179057183907009,1.5804016981770512,2.0528333047572582,1.922743503281001,1.8431492541888292,2.327353609835477,2.2233712791150486,2.135212853010435,2.205419635654936,1.8852270391138937,2.124389051261727,1.8813137980029664,1.730558211371494,2.1943603142560013,1.7535388885721197,2.212805757722805,1.882556227229954,2.017983642815667,2.0592581344493657,1.946482192445676,1.6775858219605913,2.283219853176805,1.9329017296038735,2.294975991226692,1.705602394986106,1.8586816699959996,1.6893982203074909,1.8210280318305911
7894736.842105264,7.801219582089439,8.595358353065603,9.989293369998604,8.63643042582869,10.8367749649923,10.919732285823438,9.467786197674428,8.858880929812699,9.810140874499968,9.264011598380485,9.418418679906218,7.119163281257187,10.357777158518187,9.141861507034452,8.981003317277663,12.910175814156592,10.155801220789265,11.446263416935988,11.75465940818232,8.978247554125291,10.807024013392958,9.357958611201528,8.163337812055978,12.837110514698391,7.433708040520984,10.374877642721476,9.391511914549898,9.71706355845819,9.629117509804235,10.686058646622644,7.88176537579225,11.607915512879492,9.114575063412458,11.98052578971791,9.47075376058271,9.661246818214286,8.121084511323918,8.89762118717506
10526315.789473685,18.076565112939257,16.701806126662902,15.933049552617312,15.602752449470792,17.98726956554562,17.11824866855863,15.4591721958504,16.94946416213572,15.680656700985832,15.230117109560323,17.652175749850734,16.152208223722237,17.334693109663075,16.78067181676296,15.3317305722746,17.219654345508264,16.349127702322114,16.391548098134617,16.552304560117364,15.218787641292876,17.371717394873954,16.241980288962,15.473791854874005,17.570909090422692,14.73790449900888,17.388763544982986,16.984754389714336,15.669717615547686,18.84224258255925,18.54755162936829,16.676453832020968,16.928678851636576,14.676798850524952,16.80479127471013,16.52058558541652,17.97922442847259,15.66854613678855,16.566611472847473
13157894.736842103,26.47075470458004,25.844771829802657,23.719479499100977,25.010206271891697,23.29301907447195,24.83154991554442,22.065041671396127,25.2779423597261,22.68899696764544,19.910235180078367,21.67642201040033,24.344581836266983,24.519760010552456,22.40254831561236,23.22142454269252,24.64986477743762,24.79682237184361,23.74298063870468,23.20512911166036,21.69889566148541,25.90943532044434,22.3890480788017,23.623221531990204,20.953286616307093,20.920583421854595,24.899926479266043,25.424584749446268,23.681590561004267,25.70012127130274,22.96124124478477,24.19156344487768,24.592171055566613,19.645263799623564,25.02427557910021,20.81202166857213,22.800944945911706,23.941419407230004,24.92131602516465
15789473.684210528,29.516053982822022,29.27385536592629,28.217723943169265,30.20945586871944,27.55808939672284,29.65913797685892,29.21499399649924,29.677633901309854,29.60635167525416,27.375701405582667,26.595159329535893,29.42090941827301,29.723582894703853,29.194994703647257,28.60261775155931,29.362581733180797,30.157181992363235,30.036870699540977,28.603257075292667,28.078314053023703,29.158835905926544,28.90230216510037,29.42994466484873,27.63177323211346,28.661884636337,30.9360894841191,30.542394561491847,29.779171019885432,30.429765911169167,29.087084809343985,28.56104695428565,30.795714769522736,26.584701719510672,30.68880752963208,27.457527917033254,28.13822672188984,28.582961976909985,29.761708881520253
18421052.63157895,30.426993653044065,31.49046552117264,30.131159711582715,30.80810336241824,29.79535890887092,31.125269039170277,31.37789580818276,31.05407105405348,30.04067099079428,30.69941664252874,29.836803081824637,30.74639301805904,30.36099867485051,30.1529870925012,30.53281689267554,31.133710587753235,30.489284210521056,30.911402637108004,30.26953544880978,29.52663289166347,31.15132085285008,30.037495908639563,29.051029813055397,30.535952829077345,30.650228465233937,31.54986215481364,31.375805084405265,31.26042114845232,31.89183360470299,31.560562458075065,30.493281756695414,31.83950752035877,30.223571323998623,31.18690489086521,30.89196557530468,31.031813350684136,30.66932990710532,31.089997727454865
21052631.57894737,31.87182582266773,31.27182216719412,31.505859491402425,31.55938081117218,31.11593015859332,31.98660969763086,31.3739374735679,30.4266866578042,31.01731026350131,31.112005099076317,30.550598133757838,32.10701638815146,31.94406576615621,31.02501616707469,31.03146101835692,31.69162853681315,32.01215890297599,32.098619132243364,30.779603750463007,29.97443255815149,31.352857236923278,30.76646292234392,29.602230586916452,31.054486066185536,30.7234443098802,31.357819119855307,32.099742753023584,31.05532798001806,32.04924212136097,31.598217144814885,31.261358005724787,31.412762049162488,31.009702475447405,31.78848841860684,30.98287080232457,31.29624374689653,31.36042150582633,31.525624695535843
23684210.52631579,31.805011865117915,30.53901546859696,31.35608836695284,31.35400510229521,31.03514752538044,32.2989426866442,31.517350174192536,31.116573173650785,32.94213327536375,30.688392820636487,30.59138222465452,32.00428256940953,33.05558075451413,31.93742332875811,31.502179396289744,31.436224812554027,31.24571164159254,31.525876586565392,31.177223254062252,30.31303525152113,30.80053304495945,31.05336230928775,28.79985952751912,30.96800129545899,31.904789279424005,32.00484586944623,32.44850120412759,30.66505867216499,31.46581977055797,32.13465639439068,31.363382137135456,30.721977612617685,30.597711604748984,32.44019573531694,30.79997660765048,31.332036157966776,31.100198651893564,31.08282322399421
26315789.47368421,30.76753764798725,31.275896968665712,30.794880557691787,31.538847648474157,30.32875961589516,30.965990972269196,31.09794491272513,31.2609268295736,32.75503180287469,30.03175189752658,30.428722427347857,30.846741346626896,32.29225151415223,30.95520399618182,29.573361137432983,30.50835107619825,30.54345477078306,30.790658306278846,29.86591895273435,30.172964254904983,30.949138920774832,30.988327217440524,28.26310163484551,28.820854741873585,31.90798917748137,31.508578182102653,31.63346451457972,29.79254780182424,30.51173672536156,29.840104673264182,29.859084137103977,30.07780912328625,30.62512394542344,31.648323879997733,30.30893627879238,32.09535576089432,30.68974742602939,31.73113923643682
28947368.42105263,29.7942761387676,30.72308524701115,31.063129760340438,32.513175812960085,29.56857026850294,30.883526344038028,30.2812848187302,29.879098248887303,30.969040613435727,30.93926638329706,30.694448168820333,31.05413025850301,31.46640046492962,29.58404011789637,29.589211190970733,30.54615631392561,30.895486247098884,31.32084291396337,30.48609967053535,29.814851906676868,32.4534042353053,31.03176511187426,28.41273580244394,28.80476421041419,31.97357072342197,31.44025924066572,30.91646868294915,31.478198838783968,30.154878170412665,30.3178863970826,29.07773625661833,28.67826070897591,31.172468788055006,31.77914573170162,30.600470419859622,32.42551989728518,31.10670692779619,31.15141700951697
31578947.36842105,30.338130115368852,29.972154467554965,31.226610355264924,32.08245552349784,30.144686014574653,30.57814049023175,29.514611957744386,29.717251617884536,31.338389415634477,31.393010355408336,30.678518349320274,31.487638123952618,31.495476342097877,30.099078603109497,31.089415327498788,30.133478900732424,30.87114406789852,31.70805440448905,29.472950488741706,29.75007101431117,32.12353146689173,31.327228723449885,29.18977974208686,30.0361129682604,30.882851095349007,31.71135722825154,30.454272652122288,31.356465561960377,31.016944476235608,31.63149210957196,30.63062999575009,29.902755119959075,30.96035288100923,31.89467824083286,31.359718065595363,31.303188084998784,32.02313442643825,31.143589416369178
34210526.31578948,30.5461531749764,31.288763600337084,31.29641008979726,30.596844630243663,31.17123449777983,31.08071895218725,28.631779508825154,30.306993438059934,29.87018087648701,31.643538555434784,30.74575912305915,31.193739792620995,31.794472931040623,29.87434826674677,31.917954292158672,29.18420056576152,31.120191345238997,31.57568985822809,28.22425364247856,29.084759941350388,31.2703578550255,30.810570427286244,29.91976229431123,29.937224572560545,30.86647051028453,31.71396779220479,31.37586220179961,30.776462182263295,30.779786521218035,30.501810796398907,30.900497350501222,29.425083255823544,29.663113386935223,29.658016990240757,32.17567576073275,31.351775904880046,30.8171829183862,30.70728193689396
36842105.2631579,31.156139917661363,31.769277967099832,30.933920435896376,31.27046765182735,31.119705132366136,31.47045122780463,28.59539462841655,29.224006819334964,30.05166471977602,30.14390261910876,29.08320219447408,30.610351892183036,31.39079042996726,28.265140883304653,31.355175987804447,26.375652997571343,30.538382429062,29.54759894274278,28.688117487433463,29.92839021094329,32.93969396876373,29.77515037908861,30.724152623131417,30.92546759344576,29.51627501449096,33.22938036257169,31.542139638700316,29.39872913522816,32.031400354006365,29.966893603803378,29.54498044709956,30.13059077681225,31.51451872828884,28.46025907888059,31.333969958085262,31.551208867590844,31.37068182543705,30.24029450078296
39473684.21052632,30.49265689335227,31.133289211783094,30.949968259554574,30.34856382239909,29.33748711713711,30.184032974873052,28.89559898767981,31.08463828518492,30.10206425204419,31.58877467656627,30.24849459725507,30.64847248831346,32.0697449801175,28.200159511923623,29.536197169113727,28.089686254901075,29.55495799690939,30.15400047542997,29.110569766204076,31.39842931838536,31.581622935718038,31.905768116714224,29.854075343386786,29.999923762021755,30.21347792826882,33.38473940630369,30.244279373865417,28.47635752579244,29.856738577805807,28.695960378878,28.822354592811163,31.59473276248207,32.100664674121255,31.328058655876823,31.36670776609321,32.79700797020233,31.8498448818468,31.014256376355185
42105263.15789474,29.32960248645653,30.603191588971757,30.966999316562244,31.548394010585437,30.850011601424946,30.83864955806336,29.60636366841866,30.390431794268277,31.81554875702409,32.386389812439106,29.15480168093605,31.846212952668647,30.061158390751835,30.356569060988704,30.04307874335477,29.65242767878847,29.33907827792736,31.934106085274028,31.87876110038929,28.02455481961163,31.38394355121742,31.69743724526461,31.353060285222828,31.42733279176036,30.464392239036982,33.58404933333067,29.32464206515917,29.36521728233617,29.733025484963463,30.48367879950439,28.68085498649658,32.223159045641445,31.79987342824896,29.136963523325825,32.442804935236055,32.217196964326,29.768114536175105,29.596982610935648
44736842.10526316,29.43490665482352,31.52011723068241,30.964348324350084,25.940337692838877,31.070512959135083,31.63998065000385,31.16389995162218,30.029029274385145,31.97753123767736,32.51187238300482,30.56435557382073,32.680788188347194,32.61413678779703,31.953012539832297,31.83300025436068,27.49457194812472,27.52869774932635,31.11723425620109,30.142273467581028,27.644691225554062,33.31793975268189,30.97750597077208,32.793944063170755,29.401123237231143,30.916743817937835,33.26096051963371,28.62197884520996,27.31538091014833,32.43950235670293,30.361422612060924,27.933600675330144,31.19700228884156,33.195881307945484,27.705707361317984,31.92303471303341,32.02888977723686,32.0149621155856,30.275155122941385
47368421.05263158,28.95150612033594,30.697678219981057,32.09489419472267,29.063557317299857,27.82977919729421,29.64868863401651,29.65524557804549,30.769509522022467,32.4660890214042,32.302734117696986,28.44594417089323,31.084748626178403,32.719358436629136,32.39450938510515,28.616702541110424,28.09996820692169,29.33114933779778,32.30550661100038,33.30667838060047,29.147287715969405,33.585941475431675,30.599138204699734,31.633550911099544,32.49079501173792,30.351828348820312,31.812478355815703,28.996404863367697,26.744369560527588,31.77048474594621,31.47478233904183,28.517195326861746,29.2029147909495,33.04617447300796,27.361601905200704,30.92378505332772,33.48923147936194,32.11671308637532,29.421348061175227
50000000.0,28.80908611818756,31.59243663380805,32.033508104517274,30.7352377098838,30.417949846896686,30.86739551383806,29.021631289175467,28.686339380121545,32.84353931581504,32.54797875136137,30.19660831311424,28.75235037476217,30.329042925254296,30.93934003734275,30.321428221797472,29.752676843322423,31.988405389515197,30.81612506930373,33.24523796807779,28.014129839249343,33.15297817360414,29.89841197882044,30.30996155719224,31.6525686110713,26.938385839819123,33.57042718286577,25.0418713358476,27.91775822600252,32.12952010127667,31.301498266525176,28.04039928856257,29.56717525050044,32.06504641845822,30.818197304284887,30.234726562017677,32.065699079613154,31.39864932647661,31.48276237084677
